name,geo_id,tract,poverty_status_assessed,total_below_poverty,percent_poverty,poverty_cat,total_acs_pop,vintage
Census Tract 7702.01; Cook County; Illinois,1400000US17031770201,770201,5832,246,0.04218106995884774,0-4.9%,5871,2024 5 YR
Census Tract 7702.02; Cook County; Illinois,1400000US17031770202,770202,4279,763,0.17831268988081328,10-19.9%,4439,2024 5 YR
Census Tract 7703; Cook County; Illinois,1400000US17031770300,770300,6880,600,0.0872093023255814,5-9.9%,6900,2024 5 YR
Census Tract 7704; Cook County; Illinois,1400000US17031770400,770400,4578,431,0.09414591524683268,5-9.9%,4625,2024 5 YR
Census Tract 7705; Cook County; Illinois,1400000US17031770500,770500,4292,600,0.13979496738117428,10-19.9%,4292,2024 5 YR
Census Tract 7706.01; Cook County; Illinois,1400000US17031770601,770601,3203,156,0.048704339681548546,0-4.9%,3443,2024 5 YR
Census Tract 7706.02; Cook County; Illinois,1400000US17031770602,770602,4062,121,0.02978828163466273,0-4.9%,4220,2024 5 YR
Census Tract 7707; Cook County; Illinois,1400000US17031770700,770700,2350,222,0.09446808510638298,5-9.9%,2359,2024 5 YR
Census Tract 7708; Cook County; Illinois,1400000US17031770800,770800,5836,139,0.023817683344756684,0-4.9%,5836,2024 5 YR
Census Tract 7709.01; Cook County; Illinois,1400000US17031770901,770901,4899,373,0.07613798734435599,5-9.9%,4918,2024 5 YR
Census Tract 7709.02; Cook County; Illinois,1400000US17031770902,770902,3911,370,0.09460496036819228,5-9.9%,3911,2024 5 YR
Census Tract 8001; Cook County; Illinois,1400000US17031800100,800100,2354,74,0.03143585386576041,0-4.9%,2354,2024 5 YR
Census Tract 8002; Cook County; Illinois,1400000US17031800200,800200,6347,111,0.01748857728060501,0-4.9%,6347,2024 5 YR
Census Tract 8003; Cook County; Illinois,1400000US17031800300,800300,3351,47,0.014025663980901224,0-4.9%,3391,2024 5 YR
Census Tract 8004; Cook County; Illinois,1400000US17031800400,800400,3799,48,0.012634903922084759,0-4.9%,3799,2024 5 YR
Census Tract 8005; Cook County; Illinois,1400000US17031800500,800500,5263,109,0.020710621318639558,0-4.9%,5264,2024 5 YR
Census Tract 8006; Cook County; Illinois,1400000US17031800600,800600,2421,47,0.019413465510119784,0-4.9%,2421,2024 5 YR
Census Tract 8007; Cook County; Illinois,1400000US17031800700,800700,4953,96,0.019382192610539067,0-4.9%,4984,2024 5 YR
Census Tract 8008; Cook County; Illinois,1400000US17031800800,800800,2315,106,0.045788336933045355,0-4.9%,2322,2024 5 YR
Census Tract 8009; Cook County; Illinois,1400000US17031800900,800900,4371,298,0.0681766186227408,5-9.9%,4371,2024 5 YR
Census Tract 8010; Cook County; Illinois,1400000US17031801000,801000,5091,62,0.012178353957965037,0-4.9%,5091,2024 5 YR
Census Tract 8011; Cook County; Illinois,1400000US17031801100,801100,4953,68,0.01372905309913184,0-4.9%,4961,2024 5 YR
Census Tract 8012; Cook County; Illinois,1400000US17031801200,801200,3508,0,0,0-4.9%,3509,2024 5 YR
Census Tract 8013; Cook County; Illinois,1400000US17031801300,801300,4394,379,0.08625398270368685,5-9.9%,4461,2024 5 YR
Census Tract 8014; Cook County; Illinois,1400000US17031801400,801400,2886,159,0.0550935550935551,5-9.9%,2886,2024 5 YR
Census Tract 8015; Cook County; Illinois,1400000US17031801500,801500,5865,276,0.047058823529411764,0-4.9%,6219,2024 5 YR
Census Tract 8016.01; Cook County; Illinois,1400000US17031801601,801601,4421,250,0.0565482922415743,5-9.9%,4570,2024 5 YR
Census Tract 8016.03; Cook County; Illinois,1400000US17031801603,801603,3429,530,0.15456401283172938,10-19.9%,3656,2024 5 YR
Census Tract 8016.05; Cook County; Illinois,1400000US17031801605,801605,5607,302,0.053861244872480826,5-9.9%,5607,2024 5 YR
Census Tract 8016.06; Cook County; Illinois,1400000US17031801606,801606,7212,130,0.018025513033832503,0-4.9%,7212,2024 5 YR
Census Tract 8016.07; Cook County; Illinois,1400000US17031801607,801607,5903,213,0.03608334745044892,0-4.9%,5910,2024 5 YR
Census Tract 8016.08; Cook County; Illinois,1400000US17031801608,801608,6195,541,0.08732849071832123,5-9.9%,6318,2024 5 YR
Census Tract 8017.01; Cook County; Illinois,1400000US17031801701,801701,3469,20,0.005765350245027385,0-4.9%,3469,2024 5 YR
Census Tract 8017.02; Cook County; Illinois,1400000US17031801702,801702,4946,123,0.024868580671249495,0-4.9%,4950,2024 5 YR
Census Tract 8018; Cook County; Illinois,1400000US17031801800,801800,6173,304,0.04924671958529078,0-4.9%,6173,2024 5 YR
Census Tract 8019.01; Cook County; Illinois,1400000US17031801901,801901,4509,531,0.11776447105788423,10-19.9%,4634,2024 5 YR
Census Tract 8019.02; Cook County; Illinois,1400000US17031801902,801902,3728,19,0.00509656652360515,0-4.9%,3747,2024 5 YR
Census Tract 8020.02; Cook County; Illinois,1400000US17031802002,802002,4399,125,0.028415548988406456,0-4.9%,4720,2024 5 YR
Census Tract 8020.03; Cook County; Illinois,1400000US17031802003,802003,2376,141,0.059343434343434344,5-9.9%,2376,2024 5 YR
Census Tract 8020.04; Cook County; Illinois,1400000US17031802004,802004,5895,1705,0.28922815945716707,20-100%,5982,2024 5 YR
Census Tract 8021; Cook County; Illinois,1400000US17031802100,802100,3663,375,0.10237510237510238,10-19.9%,3672,2024 5 YR
Census Tract 8022; Cook County; Illinois,1400000US17031802200,802200,4839,176,0.036371151064269476,0-4.9%,4853,2024 5 YR
Census Tract 8023; Cook County; Illinois,1400000US17031802300,802300,5525,509,0.09212669683257918,5-9.9%,5606,2024 5 YR
Census Tract 8024.02; Cook County; Illinois,1400000US17031802402,802402,5539,343,0.06192453511464163,5-9.9%,5739,2024 5 YR
Census Tract 8024.03; Cook County; Illinois,1400000US17031802403,802403,1517,71,0.04680290046143705,0-4.9%,1517,2024 5 YR
Census Tract 8024.04; Cook County; Illinois,1400000US17031802404,802404,7697,1238,0.16084188644926595,10-19.9%,7892,2024 5 YR
Census Tract 8025.03; Cook County; Illinois,1400000US17031802503,802503,7232,835,0.11545907079646017,10-19.9%,7232,2024 5 YR
Census Tract 8025.04; Cook County; Illinois,1400000US17031802504,802504,6156,775,0.12589343729694608,10-19.9%,6373,2024 5 YR
Census Tract 8025.05; Cook County; Illinois,1400000US17031802505,802505,6120,711,0.1161764705882353,10-19.9%,6157,2024 5 YR
Census Tract 8025.06; Cook County; Illinois,1400000US17031802506,802506,2393,240,0.10029251984956122,10-19.9%,2393,2024 5 YR
Census Tract 8026.05; Cook County; Illinois,1400000US17031802605,802605,6940,246,0.03544668587896253,0-4.9%,7035,2024 5 YR
Census Tract 8026.07; Cook County; Illinois,1400000US17031802607,802607,1421,63,0.04433497536945813,0-4.9%,1421,2024 5 YR
Census Tract 8026.08; Cook County; Illinois,1400000US17031802608,802608,5687,386,0.06787409882187445,5-9.9%,5687,2024 5 YR
Census Tract 8026.09; Cook County; Illinois,1400000US17031802609,802609,6525,720,0.1103448275862069,10-19.9%,6525,2024 5 YR
Census Tract 8026.10; Cook County; Illinois,1400000US17031802610,802610,1978,43,0.021739130434782608,0-4.9%,1978,2024 5 YR
Census Tract 8027.01; Cook County; Illinois,1400000US17031802701,802701,6972,418,0.05995410212277682,5-9.9%,6972,2024 5 YR
Census Tract 8027.02; Cook County; Illinois,1400000US17031802702,802702,4273,429,0.10039784694593962,10-19.9%,4370,2024 5 YR
Census Tract 8028.01; Cook County; Illinois,1400000US17031802801,802801,4712,58,0.01230899830220713,0-4.9%,4712,2024 5 YR
Census Tract 8028.02; Cook County; Illinois,1400000US17031802802,802802,6351,78,0.01228153046764289,0-4.9%,6375,2024 5 YR
Census Tract 8029; Cook County; Illinois,1400000US17031802900,802900,5993,226,0.037710662439512765,0-4.9%,5993,2024 5 YR
Census Tract 8030.05; Cook County; Illinois,1400000US17031803005,803005,2860,87,0.03041958041958042,0-4.9%,2860,2024 5 YR
Census Tract 8030.07; Cook County; Illinois,1400000US17031803007,803007,5092,772,0.1516103692065986,10-19.9%,5092,2024 5 YR
Census Tract 8030.08; Cook County; Illinois,1400000US17031803008,803008,4720,174,0.03686440677966102,0-4.9%,4720,2024 5 YR
Census Tract 8030.10; Cook County; Illinois,1400000US17031803010,803010,4351,133,0.03056768558951965,0-4.9%,4351,2024 5 YR
Census Tract 8030.12; Cook County; Illinois,1400000US17031803012,803012,2135,194,0.09086651053864168,5-9.9%,2135,2024 5 YR
Census Tract 8030.13; Cook County; Illinois,1400000US17031803013,803013,5690,285,0.05008787346221441,5-9.9%,5690,2024 5 YR
Census Tract 8030.14; Cook County; Illinois,1400000US17031803014,803014,3543,158,0.044594976009031895,0-4.9%,3543,2024 5 YR
Census Tract 8030.15; Cook County; Illinois,1400000US17031803015,803015,4520,288,0.06371681415929203,5-9.9%,4520,2024 5 YR
Census Tract 8030.16; Cook County; Illinois,1400000US17031803016,803016,2525,118,0.04673267326732673,0-4.9%,2537,2024 5 YR
Census Tract 8030.17; Cook County; Illinois,1400000US17031803017,803017,6491,462,0.07117547373286089,5-9.9%,6520,2024 5 YR
Census Tract 8031; Cook County; Illinois,1400000US17031803100,803100,3544,84,0.023702031602708805,0-4.9%,3545,2024 5 YR
Census Tract 8032; Cook County; Illinois,1400000US17031803200,803200,4627,348,0.07521071968878323,5-9.9%,4961,2024 5 YR
Census Tract 8033; Cook County; Illinois,1400000US17031803300,803300,5524,516,0.09341057204923968,5-9.9%,5529,2024 5 YR
Census Tract 8034; Cook County; Illinois,1400000US17031803400,803400,6398,273,0.04266958424507659,0-4.9%,6398,2024 5 YR
Census Tract 8035; Cook County; Illinois,1400000US17031803500,803500,5207,127,0.024390243902439025,0-4.9%,5238,2024 5 YR
Census Tract 8036.03; Cook County; Illinois,1400000US17031803603,803603,6454,111,0.017198636504493336,0-4.9%,6489,2024 5 YR
Census Tract 8036.04; Cook County; Illinois,1400000US17031803604,803604,4356,555,0.12741046831955924,10-19.9%,4446,2024 5 YR
Census Tract 8036.05; Cook County; Illinois,1400000US17031803605,803605,6237,290,0.04649671316337983,0-4.9%,6237,2024 5 YR
Census Tract 8036.07; Cook County; Illinois,1400000US17031803607,803607,4432,252,0.05685920577617329,5-9.9%,4434,2024 5 YR
Census Tract 8036.08; Cook County; Illinois,1400000US17031803608,803608,7939,885,0.11147499685098879,10-19.9%,7939,2024 5 YR
Census Tract 8036.11; Cook County; Illinois,1400000US17031803611,803611,6341,783,0.12348210061504494,10-19.9%,6341,2024 5 YR
Census Tract 8036.12; Cook County; Illinois,1400000US17031803612,803612,3379,407,0.12044983722994969,10-19.9%,3379,2024 5 YR
Census Tract 8036.13; Cook County; Illinois,1400000US17031803613,803613,3167,267,0.08430691506157247,5-9.9%,3167,2024 5 YR
Census Tract 8036.14; Cook County; Illinois,1400000US17031803614,803614,3965,462,0.11651954602774275,10-19.9%,3965,2024 5 YR
Census Tract 8036.15; Cook County; Illinois,1400000US17031803615,803615,2460,21,0.00853658536585366,0-4.9%,2460,2024 5 YR
Census Tract 8036.16; Cook County; Illinois,1400000US17031803616,803616,4770,764,0.16016771488469603,10-19.9%,4842,2024 5 YR
Census Tract 8037.01; Cook County; Illinois,1400000US17031803701,803701,2795,207,0.0740608228980322,5-9.9%,2795,2024 5 YR
Census Tract 8037.02; Cook County; Illinois,1400000US17031803702,803702,6038,244,0.04041073203047367,0-4.9%,6098,2024 5 YR
Census Tract 8038; Cook County; Illinois,1400000US17031803800,803800,4145,81,0.0195416164053076,0-4.9%,4145,2024 5 YR
Census Tract 8039.01; Cook County; Illinois,1400000US17031803901,803901,3626,580,0.15995587424158852,10-19.9%,3626,2024 5 YR
Census Tract 8039.02; Cook County; Illinois,1400000US17031803902,803902,3318,115,0.034659433393610606,0-4.9%,3409,2024 5 YR
Census Tract 8040; Cook County; Illinois,1400000US17031804000,804000,4705,452,0.09606801275239107,5-9.9%,4705,2024 5 YR
Census Tract 8041.02; Cook County; Illinois,1400000US17031804102,804102,6900,333,0.04826086956521739,0-4.9%,7027,2024 5 YR
Census Tract 8041.04; Cook County; Illinois,1400000US17031804104,804104,4940,228,0.046153846153846156,0-4.9%,4940,2024 5 YR
Census Tract 8041.05; Cook County; Illinois,1400000US17031804105,804105,4570,35,0.007658643326039387,0-4.9%,4570,2024 5 YR
Census Tract 8041.06; Cook County; Illinois,1400000US17031804106,804106,7231,225,0.031116028211865578,0-4.9%,7231,2024 5 YR
Census Tract 8041.08; Cook County; Illinois,1400000US17031804108,804108,4270,247,0.05784543325526932,5-9.9%,4270,2024 5 YR
Census Tract 8041.09; Cook County; Illinois,1400000US17031804109,804109,3076,123,0.03998699609882965,0-4.9%,3203,2024 5 YR
Census Tract 8042.02; Cook County; Illinois,1400000US17031804202,804202,7416,343,0.04625134843581446,0-4.9%,7444,2024 5 YR
Census Tract 8042.03; Cook County; Illinois,1400000US17031804203,804203,3598,44,0.012229016120066704,0-4.9%,3598,2024 5 YR
Census Tract 8042.04; Cook County; Illinois,1400000US17031804204,804204,5044,457,0.09060269627279936,5-9.9%,5191,2024 5 YR
Census Tract 8043.05; Cook County; Illinois,1400000US17031804305,804305,8126,1526,0.18779227172040364,10-19.9%,8126,2024 5 YR
Census Tract 8043.06; Cook County; Illinois,1400000US17031804306,804306,5889,285,0.048395313295975545,0-4.9%,5889,2024 5 YR
Census Tract 8043.08; Cook County; Illinois,1400000US17031804308,804308,4918,484,0.09841398942659618,5-9.9%,4918,2024 5 YR
Census Tract 8043.09; Cook County; Illinois,1400000US17031804309,804309,2896,185,0.06388121546961326,5-9.9%,2978,2024 5 YR
Census Tract 8043.12; Cook County; Illinois,1400000US17031804312,804312,1661,48,0.028898254063816978,0-4.9%,1661,2024 5 YR
Census Tract 8043.13; Cook County; Illinois,1400000US17031804313,804313,6503,723,0.11117945563586037,10-19.9%,6563,2024 5 YR
Census Tract 8043.14; Cook County; Illinois,1400000US17031804314,804314,1322,64,0.048411497730711045,0-4.9%,1322,2024 5 YR
Census Tract 8043.15; Cook County; Illinois,1400000US17031804315,804315,2683,162,0.06038017144986955,5-9.9%,2683,2024 5 YR
Census Tract 8043.16; Cook County; Illinois,1400000US17031804316,804316,4486,162,0.03611234953187695,0-4.9%,4486,2024 5 YR
Census Tract 8044.03; Cook County; Illinois,1400000US17031804403,804403,7149,551,0.0770737166037208,5-9.9%,7194,2024 5 YR
Census Tract 8044.04; Cook County; Illinois,1400000US17031804404,804404,5334,394,0.0738657667791526,5-9.9%,5399,2024 5 YR
Census Tract 8044.05; Cook County; Illinois,1400000US17031804405,804405,3589,475,0.13234884368904987,10-19.9%,3643,2024 5 YR
Census Tract 8044.06; Cook County; Illinois,1400000US17031804406,804406,5402,836,0.15475749722325063,10-19.9%,5465,2024 5 YR
Census Tract 8045.05; Cook County; Illinois,1400000US17031804505,804505,3677,417,0.11340766929562143,10-19.9%,3677,2024 5 YR
Census Tract 8045.06; Cook County; Illinois,1400000US17031804506,804506,5216,354,0.0678680981595092,5-9.9%,5352,2024 5 YR
Census Tract 8045.08; Cook County; Illinois,1400000US17031804508,804508,2285,569,0.24901531728665208,20-100%,2285,2024 5 YR
Census Tract 8045.09; Cook County; Illinois,1400000US17031804509,804509,6451,895,0.1387381801271121,10-19.9%,6609,2024 5 YR
Census Tract 8045.10; Cook County; Illinois,1400000US17031804510,804510,4578,504,0.11009174311926606,10-19.9%,4587,2024 5 YR
Census Tract 8045.11; Cook County; Illinois,1400000US17031804511,804511,2189,284,0.1297396071265418,10-19.9%,2189,2024 5 YR
Census Tract 8045.12; Cook County; Illinois,1400000US17031804512,804512,3739,157,0.041989836854774004,0-4.9%,3739,2024 5 YR
Census Tract 8045.13; Cook County; Illinois,1400000US17031804513,804513,3747,329,0.08780357619428876,5-9.9%,3747,2024 5 YR
Census Tract 8045.14; Cook County; Illinois,1400000US17031804514,804514,5353,236,0.0440874276106856,0-4.9%,5353,2024 5 YR
Census Tract 8046.03; Cook County; Illinois,1400000US17031804603,804603,6204,346,0.05577047066408768,5-9.9%,6258,2024 5 YR
Census Tract 8046.06; Cook County; Illinois,1400000US17031804606,804606,6862,348,0.05071407752841737,5-9.9%,7047,2024 5 YR
Census Tract 8046.07; Cook County; Illinois,1400000US17031804607,804607,6765,216,0.031929046563192905,0-4.9%,6774,2024 5 YR
Census Tract 8046.08; Cook County; Illinois,1400000US17031804608,804608,3756,184,0.04898828541001065,0-4.9%,3756,2024 5 YR
Census Tract 8046.09; Cook County; Illinois,1400000US17031804609,804609,5697,269,0.047217833947691766,0-4.9%,5697,2024 5 YR
Census Tract 8046.10; Cook County; Illinois,1400000US17031804610,804610,2771,249,0.08985925658607001,5-9.9%,2771,2024 5 YR
Census Tract 8046.11; Cook County; Illinois,1400000US17031804611,804611,4193,334,0.07965657047460052,5-9.9%,4201,2024 5 YR
Census Tract 8047.01; Cook County; Illinois,1400000US17031804701,804701,6163,558,0.09054032127210775,5-9.9%,6360,2024 5 YR
Census Tract 8047.05; Cook County; Illinois,1400000US17031804705,804705,4242,108,0.02545968882602546,0-4.9%,4316,2024 5 YR
Census Tract 8047.06; Cook County; Illinois,1400000US17031804706,804706,2206,86,0.038984587488667274,0-4.9%,2206,2024 5 YR
Census Tract 8047.09; Cook County; Illinois,1400000US17031804709,804709,7782,943,0.12117707530197892,10-19.9%,7952,2024 5 YR
Census Tract 8047.10; Cook County; Illinois,1400000US17031804710,804710,3742,109,0.029128808123997863,0-4.9%,3742,2024 5 YR
Census Tract 8047.11; Cook County; Illinois,1400000US17031804711,804711,7595,464,0.06109282422646478,5-9.9%,7595,2024 5 YR
Census Tract 8047.12; Cook County; Illinois,1400000US17031804712,804712,5408,225,0.041605029585798814,0-4.9%,5441,2024 5 YR
Census Tract 8047.13; Cook County; Illinois,1400000US17031804713,804713,4508,278,0.0616681455190772,5-9.9%,4508,2024 5 YR
Census Tract 8047.14; Cook County; Illinois,1400000US17031804714,804714,3427,104,0.03034724248613948,0-4.9%,3427,2024 5 YR
Census Tract 8047.15; Cook County; Illinois,1400000US17031804715,804715,3968,807,0.20337701612903225,20-100%,4027,2024 5 YR
Census Tract 8047.16; Cook County; Illinois,1400000US17031804716,804716,4511,183,0.04056750166260253,0-4.9%,4511,2024 5 YR
Census Tract 8048.03; Cook County; Illinois,1400000US17031804803,804803,5142,542,0.10540645663166083,10-19.9%,5142,2024 5 YR
Census Tract 8048.04; Cook County; Illinois,1400000US17031804804,804804,6092,531,0.0871634931057124,5-9.9%,6099,2024 5 YR
Census Tract 8048.05; Cook County; Illinois,1400000US17031804805,804805,7137,414,0.058007566204287514,5-9.9%,7198,2024 5 YR
Census Tract 8048.06; Cook County; Illinois,1400000US17031804806,804806,3261,579,0.17755289788408463,10-19.9%,3284,2024 5 YR
Census Tract 8048.07; Cook County; Illinois,1400000US17031804807,804807,5184,129,0.02488425925925926,0-4.9%,5470,2024 5 YR
Census Tract 8048.08; Cook County; Illinois,1400000US17031804808,804808,2665,187,0.0701688555347092,5-9.9%,2669,2024 5 YR
Census Tract 8048.09; Cook County; Illinois,1400000US17031804809,804809,4629,256,0.05530352127889393,5-9.9%,4629,2024 5 YR
Census Tract 8048.10; Cook County; Illinois,1400000US17031804810,804810,6514,292,0.04482652747927541,0-4.9%,6681,2024 5 YR
Census Tract 8049.01; Cook County; Illinois,1400000US17031804901,804901,6303,336,0.053307948595906714,5-9.9%,6314,2024 5 YR
Census Tract 8049.02; Cook County; Illinois,1400000US17031804902,804902,5949,63,0.01059001512859304,0-4.9%,5949,2024 5 YR
Census Tract 8050.01; Cook County; Illinois,1400000US17031805001,805001,4807,102,0.021219055543998337,0-4.9%,4807,2024 5 YR
Census Tract 8050.02; Cook County; Illinois,1400000US17031805002,805002,7346,602,0.08194936019602504,5-9.9%,7452,2024 5 YR
Census Tract 8051.05; Cook County; Illinois,1400000US17031805105,805105,7216,662,0.09174057649667405,5-9.9%,7216,2024 5 YR
Census Tract 8051.06; Cook County; Illinois,1400000US17031805106,805106,2981,95,0.03186850050318685,0-4.9%,3047,2024 5 YR
Census Tract 8051.07; Cook County; Illinois,1400000US17031805107,805107,6006,857,0.1426906426906427,10-19.9%,6006,2024 5 YR
Census Tract 8051.08; Cook County; Illinois,1400000US17031805108,805108,6270,767,0.12232854864433812,10-19.9%,6270,2024 5 YR
Census Tract 8051.09; Cook County; Illinois,1400000US17031805109,805109,4563,191,0.04185842647381109,0-4.9%,4588,2024 5 YR
Census Tract 8051.10; Cook County; Illinois,1400000US17031805110,805110,4193,309,0.07369425232530408,5-9.9%,4280,2024 5 YR
Census Tract 8051.11; Cook County; Illinois,1400000US17031805111,805111,7657,693,0.09050541987723651,5-9.9%,7966,2024 5 YR
Census Tract 8051.12; Cook County; Illinois,1400000US17031805112,805112,3223,171,0.05305615885820664,5-9.9%,3223,2024 5 YR
Census Tract 8052.01; Cook County; Illinois,1400000US17031805201,805201,3661,548,0.14968587817536191,10-19.9%,3980,2024 5 YR
Census Tract 8052.02; Cook County; Illinois,1400000US17031805202,805202,3790,127,0.03350923482849604,0-4.9%,3884,2024 5 YR
Census Tract 8053.01; Cook County; Illinois,1400000US17031805301,805301,3123,93,0.029779058597502402,0-4.9%,3135,2024 5 YR
Census Tract 8053.02; Cook County; Illinois,1400000US17031805302,805302,3844,62,0.016129032258064516,0-4.9%,3844,2024 5 YR
Census Tract 8054.01; Cook County; Illinois,1400000US17031805401,805401,4330,117,0.02702078521939954,0-4.9%,4330,2024 5 YR
Census Tract 8054.02; Cook County; Illinois,1400000US17031805402,805402,4906,176,0.03587443946188341,0-4.9%,4906,2024 5 YR
Census Tract 8055.01; Cook County; Illinois,1400000US17031805501,805501,3472,201,0.05789170506912442,5-9.9%,3661,2024 5 YR
Census Tract 8055.02; Cook County; Illinois,1400000US17031805502,805502,4236,79,0.018649669499527857,0-4.9%,4242,2024 5 YR
Census Tract 8056; Cook County; Illinois,1400000US17031805600,805600,4655,47,0.010096670247046188,0-4.9%,4655,2024 5 YR
Census Tract 8057.01; Cook County; Illinois,1400000US17031805701,805701,5291,150,0.02835002835002835,0-4.9%,5291,2024 5 YR
Census Tract 8057.02; Cook County; Illinois,1400000US17031805702,805702,2049,66,0.032210834553440704,0-4.9%,2049,2024 5 YR
Census Tract 8058.01; Cook County; Illinois,1400000US17031805801,805801,2301,17,0.007388092133854845,0-4.9%,2301,2024 5 YR
Census Tract 8058.02; Cook County; Illinois,1400000US17031805802,805802,5088,175,0.034394654088050314,0-4.9%,5093,2024 5 YR
Census Tract 8059.01; Cook County; Illinois,1400000US17031805901,805901,4090,397,0.09706601466992665,5-9.9%,4205,2024 5 YR
Census Tract 8059.02; Cook County; Illinois,1400000US17031805902,805902,6283,154,0.024510584115868216,0-4.9%,6616,2024 5 YR
Census Tract 8060.01; Cook County; Illinois,1400000US17031806001,806001,5616,428,0.07621082621082621,5-9.9%,5616,2024 5 YR
Census Tract 8060.02; Cook County; Illinois,1400000US17031806002,806002,7489,809,0.10802510348511149,10-19.9%,7800,2024 5 YR
Census Tract 8060.04; Cook County; Illinois,1400000US17031806004,806004,8233,744,0.09036803109437629,5-9.9%,8508,2024 5 YR
Census Tract 8060.05; Cook County; Illinois,1400000US17031806005,806005,2436,200,0.08210180623973727,5-9.9%,2436,2024 5 YR
Census Tract 8060.06; Cook County; Illinois,1400000US17031806006,806006,4211,547,0.12989788648777012,10-19.9%,4211,2024 5 YR
Census Tract 8061.02; Cook County; Illinois,1400000US17031806102,806102,4032,404,0.1001984126984127,10-19.9%,4183,2024 5 YR
Census Tract 8061.03; Cook County; Illinois,1400000US17031806103,806103,5304,213,0.040158371040723985,0-4.9%,5313,2024 5 YR
Census Tract 8061.04; Cook County; Illinois,1400000US17031806104,806104,4875,1070,0.2194871794871795,20-100%,5085,2024 5 YR
Census Tract 8062.01; Cook County; Illinois,1400000US17031806201,806201,4425,538,0.1215819209039548,10-19.9%,4425,2024 5 YR
Census Tract 8062.02; Cook County; Illinois,1400000US17031806202,806202,5248,539,0.10270579268292683,10-19.9%,5251,2024 5 YR
Census Tract 8063; Cook County; Illinois,1400000US17031806300,806300,4120,179,0.04344660194174757,0-4.9%,4120,2024 5 YR
Census Tract 8064; Cook County; Illinois,1400000US17031806400,806400,2408,65,0.026993355481727575,0-4.9%,2408,2024 5 YR
Census Tract 8065.01; Cook County; Illinois,1400000US17031806501,806501,2581,203,0.07865168539325842,5-9.9%,2581,2024 5 YR
Census Tract 8065.02; Cook County; Illinois,1400000US17031806502,806502,3855,230,0.05966277561608301,5-9.9%,3855,2024 5 YR
Census Tract 8066; Cook County; Illinois,1400000US17031806600,806600,3089,141,0.045645840077695045,0-4.9%,3089,2024 5 YR
Census Tract 8079; Cook County; Illinois,1400000US17031807900,807900,3986,190,0.047666833918715505,0-4.9%,3997,2024 5 YR
Census Tract 8080.01; Cook County; Illinois,1400000US17031808001,808001,3671,194,0.05284663579406156,5-9.9%,3671,2024 5 YR
Census Tract 8080.02; Cook County; Illinois,1400000US17031808002,808002,5279,428,0.08107596135631748,5-9.9%,5444,2024 5 YR
Census Tract 8081; Cook County; Illinois,1400000US17031808100,808100,3159,397,0.12567268122823677,10-19.9%,3786,2024 5 YR
Census Tract 8082; Cook County; Illinois,1400000US17031808200,808200,5576,234,0.04196556671449068,0-4.9%,5582,2024 5 YR
Census Tract 8083.01; Cook County; Illinois,1400000US17031808301,808301,6047,556,0.09194641971225401,5-9.9%,6255,2024 5 YR
Census Tract 8083.02; Cook County; Illinois,1400000US17031808302,808302,4152,691,0.16642581888246627,10-19.9%,4196,2024 5 YR
Census Tract 8084; Cook County; Illinois,1400000US17031808400,808400,4335,300,0.06920415224913495,5-9.9%,4335,2024 5 YR
Census Tract 8085; Cook County; Illinois,1400000US17031808500,808500,4326,213,0.049237170596393896,0-4.9%,4326,2024 5 YR
Census Tract 8086; Cook County; Illinois,1400000US17031808600,808600,2453,136,0.05544231553200163,5-9.9%,2453,2024 5 YR
Census Tract 8104; Cook County; Illinois,1400000US17031810400,810400,5496,107,0.019468704512372634,0-4.9%,5496,2024 5 YR
Census Tract 8105.01; Cook County; Illinois,1400000US17031810501,810501,4887,239,0.04890525885001023,0-4.9%,5110,2024 5 YR
Census Tract 8105.02; Cook County; Illinois,1400000US17031810502,810502,5453,358,0.06565193471483587,5-9.9%,5740,2024 5 YR
Census Tract 8106; Cook County; Illinois,1400000US17031810600,810600,4731,219,0.046290424857324035,0-4.9%,4731,2024 5 YR
Census Tract 8107.01; Cook County; Illinois,1400000US17031810701,810701,4627,888,0.19191700886103308,10-19.9%,4627,2024 5 YR
Census Tract 8107.02; Cook County; Illinois,1400000US17031810702,810702,4111,214,0.052055460958404284,5-9.9%,4301,2024 5 YR
Census Tract 8108; Cook County; Illinois,1400000US17031810800,810800,5144,168,0.03265940902021773,0-4.9%,5154,2024 5 YR
Census Tract 8109; Cook County; Illinois,1400000US17031810900,810900,5633,414,0.07349547310491746,5-9.9%,5688,2024 5 YR
Census Tract 8110; Cook County; Illinois,1400000US17031811000,811000,4098,199,0.04856027330405076,0-4.9%,4098,2024 5 YR
Census Tract 8111; Cook County; Illinois,1400000US17031811100,811100,7181,396,0.05514552290767303,5-9.9%,7184,2024 5 YR
Census Tract 8112; Cook County; Illinois,1400000US17031811200,811200,5146,798,0.1550719005052468,10-19.9%,5146,2024 5 YR
Census Tract 8113.01; Cook County; Illinois,1400000US17031811301,811301,4012,276,0.06879361914257229,5-9.9%,4012,2024 5 YR
Census Tract 8113.02; Cook County; Illinois,1400000US17031811302,811302,3598,823,0.22873818788215675,20-100%,3610,2024 5 YR
Census Tract 8114.01; Cook County; Illinois,1400000US17031811401,811401,4743,284,0.059877714526670886,5-9.9%,4746,2024 5 YR
Census Tract 8114.02; Cook County; Illinois,1400000US17031811402,811402,4133,194,0.04693926929591096,0-4.9%,4189,2024 5 YR
Census Tract 8115; Cook County; Illinois,1400000US17031811500,811500,6236,457,0.0732841565105837,5-9.9%,6236,2024 5 YR
Census Tract 8116; Cook County; Illinois,1400000US17031811600,811600,5550,144,0.025945945945945945,0-4.9%,5557,2024 5 YR
Census Tract 8117.01; Cook County; Illinois,1400000US17031811701,811701,2949,451,0.1529331976941336,10-19.9%,2969,2024 5 YR
Census Tract 8117.02; Cook County; Illinois,1400000US17031811702,811702,5435,633,0.11646734130634774,10-19.9%,5456,2024 5 YR
Census Tract 8118; Cook County; Illinois,1400000US17031811800,811800,5353,359,0.0670651970857463,5-9.9%,5660,2024 5 YR
Census Tract 8119; Cook County; Illinois,1400000US17031811900,811900,5254,201,0.03825656642558051,0-4.9%,6194,2024 5 YR
Census Tract 8120; Cook County; Illinois,1400000US17031812000,812000,5787,100,0.017280110592707794,0-4.9%,5798,2024 5 YR
Census Tract 8133.01; Cook County; Illinois,1400000US17031813301,813301,2758,313,0.11348803480783176,10-19.9%,2758,2024 5 YR
Census Tract 8133.02; Cook County; Illinois,1400000US17031813302,813302,3062,709,0.23154800783801438,20-100%,3062,2024 5 YR
Census Tract 8134; Cook County; Illinois,1400000US17031813400,813400,8156,1457,0.17864149092692497,10-19.9%,8309,2024 5 YR
Census Tract 8135; Cook County; Illinois,1400000US17031813500,813500,6433,867,0.13477382247784858,10-19.9%,6481,2024 5 YR
Census Tract 8136; Cook County; Illinois,1400000US17031813600,813600,5074,669,0.13184864012613323,10-19.9%,5084,2024 5 YR
Census Tract 8137.01; Cook County; Illinois,1400000US17031813701,813701,3112,363,0.1166452442159383,10-19.9%,3112,2024 5 YR
Census Tract 8137.02; Cook County; Illinois,1400000US17031813702,813702,4270,412,0.09648711943793911,5-9.9%,4282,2024 5 YR
Census Tract 8138.01; Cook County; Illinois,1400000US17031813801,813801,3080,622,0.20194805194805196,20-100%,3090,2024 5 YR
Census Tract 8138.02; Cook County; Illinois,1400000US17031813802,813802,4939,968,0.19599109131403117,10-19.9%,4985,2024 5 YR
Census Tract 8139; Cook County; Illinois,1400000US17031813900,813900,6051,667,0.1102297140968435,10-19.9%,6419,2024 5 YR
Census Tract 8140; Cook County; Illinois,1400000US17031814000,814000,4547,611,0.13437431273367056,10-19.9%,4666,2024 5 YR
Census Tract 8141; Cook County; Illinois,1400000US17031814100,814100,4662,526,0.11282711282711283,10-19.9%,4662,2024 5 YR
Census Tract 8142; Cook County; Illinois,1400000US17031814200,814200,7992,1202,0.1504004004004004,10-19.9%,8078,2024 5 YR
Census Tract 8143; Cook County; Illinois,1400000US17031814300,814300,4631,1272,0.27467069747354783,20-100%,4631,2024 5 YR
Census Tract 8144; Cook County; Illinois,1400000US17031814400,814400,7398,1156,0.15625844822925114,10-19.9%,7581,2024 5 YR
Census Tract 8145; Cook County; Illinois,1400000US17031814500,814500,5139,97,0.018875267561782448,0-4.9%,5597,2024 5 YR
Census Tract 8146; Cook County; Illinois,1400000US17031814600,814600,5278,666,0.1261841606669193,10-19.9%,5278,2024 5 YR
Census Tract 8147; Cook County; Illinois,1400000US17031814700,814700,5348,623,0.11649214659685864,10-19.9%,5348,2024 5 YR
Census Tract 8148; Cook County; Illinois,1400000US17031814800,814800,6671,821,0.1230700044970769,10-19.9%,6671,2024 5 YR
Census Tract 8149; Cook County; Illinois,1400000US17031814900,814900,6824,689,0.10096717467760843,10-19.9%,6824,2024 5 YR
Census Tract 8150; Cook County; Illinois,1400000US17031815000,815000,4113,259,0.06297106734743496,5-9.9%,4113,2024 5 YR
Census Tract 8151; Cook County; Illinois,1400000US17031815100,815100,4156,645,0.1551973051010587,10-19.9%,4165,2024 5 YR
Census Tract 8152; Cook County; Illinois,1400000US17031815200,815200,6647,429,0.064540394162780207,5-9.9%,6647,2024 5 YR
Census Tract 8153; Cook County; Illinois,1400000US17031815300,815300,3616,191,0.05282079646017699,5-9.9%,3616,2024 5 YR
Census Tract 8154; Cook County; Illinois,1400000US17031815400,815400,5387,657,0.12196027473547429,10-19.9%,5476,2024 5 YR
Census Tract 8155; Cook County; Illinois,1400000US17031815500,815500,7457,1056,0.14161190827410486,10-19.9%,7457,2024 5 YR
Census Tract 8156; Cook County; Illinois,1400000US17031815600,815600,5301,317,0.05980003772873043,5-9.9%,5363,2024 5 YR
Census Tract 8157.01; Cook County; Illinois,1400000US17031815701,815701,3891,249,0.06399383191981496,5-9.9%,3891,2024 5 YR
Census Tract 8157.02; Cook County; Illinois,1400000US17031815702,815702,5047,55,0.01089756290865861,0-4.9%,5047,2024 5 YR
Census Tract 8158; Cook County; Illinois,1400000US17031815800,815800,1913,113,0.05906952430737062,5-9.9%,1941,2024 5 YR
Census Tract 8159; Cook County; Illinois,1400000US17031815900,815900,4707,622,0.13214361589122584,10-19.9%,4746,2024 5 YR
Census Tract 8160; Cook County; Illinois,1400000US17031816000,816000,3164,304,0.09608091024020228,5-9.9%,3164,2024 5 YR
Census Tract 8161; Cook County; Illinois,1400000US17031816100,816100,5774,653,0.11309317630758572,10-19.9%,6033,2024 5 YR
Census Tract 8162; Cook County; Illinois,1400000US17031816200,816200,4136,226,0.054642166344294,5-9.9%,4212,2024 5 YR
Census Tract 8163; Cook County; Illinois,1400000US17031816300,816300,4659,864,0.1854475209272376,10-19.9%,4670,2024 5 YR
Census Tract 8164.01; Cook County; Illinois,1400000US17031816401,816401,3838,194,0.05054715997915581,5-9.9%,3838,2024 5 YR
Census Tract 8164.02; Cook County; Illinois,1400000US17031816402,816402,5147,482,0.0936467845346804,5-9.9%,5174,2024 5 YR
Census Tract 8165; Cook County; Illinois,1400000US17031816500,816500,4052,463,0.11426456071076012,10-19.9%,4052,2024 5 YR
Census Tract 8166; Cook County; Illinois,1400000US17031816600,816600,4222,523,0.12387494078635718,10-19.9%,4222,2024 5 YR
Census Tract 8167; Cook County; Illinois,1400000US17031816700,816700,2697,266,0.09862810530218762,5-9.9%,2697,2024 5 YR
Census Tract 8168; Cook County; Illinois,1400000US17031816800,816800,5416,1019,0.18814623338257017,10-19.9%,5534,2024 5 YR
Census Tract 8169; Cook County; Illinois,1400000US17031816900,816900,5630,436,0.07744227353463588,5-9.9%,5630,2024 5 YR
Census Tract 8170; Cook County; Illinois,1400000US17031817000,817000,4811,331,0.06880066514238205,5-9.9%,4975,2024 5 YR
Census Tract 8171.01; Cook County; Illinois,1400000US17031817101,817101,4884,1045,0.21396396396396397,20-100%,4884,2024 5 YR
Census Tract 8171.02; Cook County; Illinois,1400000US17031817102,817102,2767,299,0.1080592699674738,10-19.9%,2767,2024 5 YR
Census Tract 8172; Cook County; Illinois,1400000US17031817200,817200,4387,597,0.136083884203328,10-19.9%,4387,2024 5 YR
Census Tract 8173; Cook County; Illinois,1400000US17031817300,817300,2686,366,0.13626209977661952,10-19.9%,2687,2024 5 YR
Census Tract 8174; Cook County; Illinois,1400000US17031817400,817400,3143,417,0.13267578746420616,10-19.9%,3143,2024 5 YR
Census Tract 8175; Cook County; Illinois,1400000US17031817500,817500,3872,745,0.19240702479338842,10-19.9%,3872,2024 5 YR
Census Tract 8176; Cook County; Illinois,1400000US17031817600,817600,4026,988,0.24540486835568803,20-100%,4076,2024 5 YR
Census Tract 8177; Cook County; Illinois,1400000US17031817700,817700,5036,474,0.09412231930103257,5-9.9%,5036,2024 5 YR
Census Tract 8179; Cook County; Illinois,1400000US17031817900,817900,5781,572,0.09894481923542639,5-9.9%,5807,2024 5 YR
Census Tract 8180; Cook County; Illinois,1400000US17031818000,818000,4169,477,0.11441592708083473,10-19.9%,4180,2024 5 YR
Census Tract 8181; Cook County; Illinois,1400000US17031818100,818100,2167,25,0.011536686663590217,0-4.9%,2167,2024 5 YR
Census Tract 8182; Cook County; Illinois,1400000US17031818200,818200,4607,404,0.08769264163229867,5-9.9%,4621,2024 5 YR
Census Tract 8183; Cook County; Illinois,1400000US17031818300,818300,5936,352,0.05929919137466307,5-9.9%,6096,2024 5 YR
Census Tract 8184.01; Cook County; Illinois,1400000US17031818401,818401,3361,197,0.058613507884558165,5-9.9%,3430,2024 5 YR
Census Tract 8184.02; Cook County; Illinois,1400000US17031818402,818402,3368,225,0.06680522565320665,5-9.9%,3368,2024 5 YR
Census Tract 8185; Cook County; Illinois,1400000US17031818500,818500,4980,194,0.03895582329317269,0-4.9%,5068,2024 5 YR
Census Tract 8186; Cook County; Illinois,1400000US17031818600,818600,4753,269,0.05659583420997265,5-9.9%,4758,2024 5 YR
Census Tract 8187; Cook County; Illinois,1400000US17031818700,818700,3618,127,0.03510226644555003,0-4.9%,3618,2024 5 YR
Census Tract 8188; Cook County; Illinois,1400000US17031818800,818800,5524,181,0.03276611151339609,0-4.9%,5524,2024 5 YR
Census Tract 8189; Cook County; Illinois,1400000US17031818900,818900,4353,275,0.06317482196186539,5-9.9%,4595,2024 5 YR
Census Tract 8190; Cook County; Illinois,1400000US17031819000,819000,4587,103,0.022454763461957707,0-4.9%,4659,2024 5 YR
Census Tract 8191; Cook County; Illinois,1400000US17031819100,819100,4222,845,0.20014211274277593,20-100%,4222,2024 5 YR
Census Tract 8192; Cook County; Illinois,1400000US17031819200,819200,6252,596,0.09532949456174024,5-9.9%,6252,2024 5 YR
Census Tract 8193; Cook County; Illinois,1400000US17031819300,819300,2665,409,0.15347091932457785,10-19.9%,2666,2024 5 YR
Census Tract 8194; Cook County; Illinois,1400000US17031819400,819400,5582,213,0.03815836617699749,0-4.9%,5582,2024 5 YR
Census Tract 8195; Cook County; Illinois,1400000US17031819500,819500,3218,255,0.07924176507147296,5-9.9%,3266,2024 5 YR
Census Tract 8196; Cook County; Illinois,1400000US17031819600,819600,4129,173,0.041898764834100266,0-4.9%,4129,2024 5 YR
Census Tract 8197; Cook County; Illinois,1400000US17031819700,819700,5578,135,0.024202223019003228,0-4.9%,5607,2024 5 YR
Census Tract 8198.01; Cook County; Illinois,1400000US17031819801,819801,5079,54,0.010632014176018901,0-4.9%,5082,2024 5 YR
Census Tract 8198.02; Cook County; Illinois,1400000US17031819802,819802,2401,29,0.012078300708038317,0-4.9%,2401,2024 5 YR
Census Tract 8199; Cook County; Illinois,1400000US17031819900,819900,3287,51,0.015515667782172194,0-4.9%,3287,2024 5 YR
Census Tract 8200; Cook County; Illinois,1400000US17031820000,820000,2121,117,0.055162659123055166,5-9.9%,2121,2024 5 YR
Census Tract 8201.01; Cook County; Illinois,1400000US17031820101,820101,7289,357,0.04897791192207436,0-4.9%,7696,2024 5 YR
Census Tract 8201.03; Cook County; Illinois,1400000US17031820103,820103,4175,245,0.058682634730538925,5-9.9%,4227,2024 5 YR
Census Tract 8201.04; Cook County; Illinois,1400000US17031820104,820104,4653,392,0.08424672254459488,5-9.9%,4664,2024 5 YR
Census Tract 8202.02; Cook County; Illinois,1400000US17031820202,820202,3224,316,0.09801488833746898,5-9.9%,3239,2024 5 YR
Census Tract 8202.03; Cook County; Illinois,1400000US17031820203,820203,3724,196,0.05263157894736842,5-9.9%,3724,2024 5 YR
Census Tract 8202.04; Cook County; Illinois,1400000US17031820204,820204,4810,323,0.06715176715176716,5-9.9%,4810,2024 5 YR
Census Tract 8203; Cook County; Illinois,1400000US17031820300,820300,6308,702,0.11128725428027901,10-19.9%,6308,2024 5 YR
Census Tract 8204; Cook County; Illinois,1400000US17031820400,820400,4530,512,0.1130242825607064,10-19.9%,4538,2024 5 YR
Census Tract 8205.01; Cook County; Illinois,1400000US17031820501,820501,5166,430,0.0832365466511808,5-9.9%,5169,2024 5 YR
Census Tract 8205.02; Cook County; Illinois,1400000US17031820502,820502,5321,823,0.15467017477917686,10-19.9%,5873,2024 5 YR
Census Tract 8206.03; Cook County; Illinois,1400000US17031820603,820603,5505,1104,0.2005449591280654,20-100%,5563,2024 5 YR
Census Tract 8206.04; Cook County; Illinois,1400000US17031820604,820604,3648,771,0.21134868421052633,20-100%,3648,2024 5 YR
Census Tract 8206.05; Cook County; Illinois,1400000US17031820605,820605,4823,1172,0.2430022807381298,20-100%,4823,2024 5 YR
Census Tract 8206.06; Cook County; Illinois,1400000US17031820606,820606,3687,236,0.06400867914293464,5-9.9%,3716,2024 5 YR
Census Tract 8212; Cook County; Illinois,1400000US17031821200,821200,5261,831,0.1579547614521954,10-19.9%,5296,2024 5 YR
Census Tract 8213; Cook County; Illinois,1400000US17031821300,821300,5753,1092,0.18981401008169652,10-19.9%,5753,2024 5 YR
Census Tract 8214.01; Cook County; Illinois,1400000US17031821401,821401,2226,542,0.24348607367475292,20-100%,2243,2024 5 YR
Census Tract 8214.02; Cook County; Illinois,1400000US17031821402,821402,3450,309,0.08956521739130435,5-9.9%,3450,2024 5 YR
Census Tract 8215; Cook County; Illinois,1400000US17031821500,821500,1319,515,0.3904473085670963,20-100%,1344,2024 5 YR
Census Tract 8216; Cook County; Illinois,1400000US17031821600,821600,4132,174,0.04211035818005808,0-4.9%,4132,2024 5 YR
Census Tract 8217; Cook County; Illinois,1400000US17031821700,821700,4690,102,0.021748400852878463,0-4.9%,4690,2024 5 YR
Census Tract 8218; Cook County; Illinois,1400000US17031821800,821800,5483,165,0.030093014772934523,0-4.9%,5483,2024 5 YR
Census Tract 8219; Cook County; Illinois,1400000US17031821900,821900,5018,332,0.06616181745715424,5-9.9%,5115,2024 5 YR
Census Tract 8220; Cook County; Illinois,1400000US17031822000,822000,4215,292,0.06927639383155397,5-9.9%,4215,2024 5 YR
Census Tract 8221.01; Cook County; Illinois,1400000US17031822101,822101,4437,225,0.05070993914807302,5-9.9%,4437,2024 5 YR
Census Tract 8221.02; Cook County; Illinois,1400000US17031822102,822102,4269,295,0.06910283438744437,5-9.9%,4328,2024 5 YR
Census Tract 8222; Cook County; Illinois,1400000US17031822200,822200,3600,648,0.18,10-19.9%,3610,2024 5 YR
Census Tract 8223.01; Cook County; Illinois,1400000US17031822301,822301,3619,192,0.05305332964907433,5-9.9%,3619,2024 5 YR
Census Tract 8223.02; Cook County; Illinois,1400000US17031822302,822302,4709,188,0.0399235506476959,0-4.9%,4942,2024 5 YR
Census Tract 8224; Cook County; Illinois,1400000US17031822400,822400,6325,1758,0.27794466403162055,20-100%,6325,2024 5 YR
Census Tract 8225; Cook County; Illinois,1400000US17031822500,822500,4171,136,0.032606089666746586,0-4.9%,4225,2024 5 YR
Census Tract 8226.01; Cook County; Illinois,1400000US17031822601,822601,4301,243,0.05649848872355266,5-9.9%,4337,2024 5 YR
Census Tract 8226.02; Cook County; Illinois,1400000US17031822602,822602,7709,1293,0.16772603450512388,10-19.9%,7709,2024 5 YR
Census Tract 8227.01; Cook County; Illinois,1400000US17031822701,822701,4516,777,0.1720549158547387,10-19.9%,4895,2024 5 YR
Census Tract 8227.02; Cook County; Illinois,1400000US17031822702,822702,3193,132,0.0413404321954275,0-4.9%,3193,2024 5 YR
Census Tract 8228.01; Cook County; Illinois,1400000US17031822801,822801,3228,147,0.04553903345724907,0-4.9%,3228,2024 5 YR
Census Tract 8228.02; Cook County; Illinois,1400000US17031822802,822802,3399,107,0.0314798470138276,0-4.9%,3400,2024 5 YR
Census Tract 8229; Cook County; Illinois,1400000US17031822900,822900,2117,278,0.13131790269248939,10-19.9%,2117,2024 5 YR
Census Tract 8230.01; Cook County; Illinois,1400000US17031823001,823001,7383,1599,0.2165786265745632,20-100%,7730,2024 5 YR
Census Tract 8230.02; Cook County; Illinois,1400000US17031823002,823002,4532,416,0.091791703442188885,5-9.9%,4544,2024 5 YR
Census Tract 8231.01; Cook County; Illinois,1400000US17031823101,823101,4139,764,0.18458564870741725,10-19.9%,4139,2024 5 YR
Census Tract 8231.02; Cook County; Illinois,1400000US17031823102,823102,3751,1013,0.2700613169821381,20-100%,3751,2024 5 YR
Census Tract 8232; Cook County; Illinois,1400000US17031823200,823200,4467,413,0.092455786881576,5-9.9%,4494,2024 5 YR
Census Tract 8233.02; Cook County; Illinois,1400000US17031823302,823302,5844,490,0.0838466803559206,5-9.9%,5865,2024 5 YR
Census Tract 8233.03; Cook County; Illinois,1400000US17031823303,823303,4463,960,0.21510194936141608,20-100%,4463,2024 5 YR
Census Tract 8233.04; Cook County; Illinois,1400000US17031823304,823304,5944,721,0.12129878869448182,10-19.9%,5977,2024 5 YR
Census Tract 8234; Cook County; Illinois,1400000US17031823400,823400,4962,896,0.18057234985892784,10-19.9%,4962,2024 5 YR
Census Tract 8235; Cook County; Illinois,1400000US17031823500,823500,4193,507,0.12091581206773193,10-19.9%,4213,2024 5 YR
Census Tract 8236.02; Cook County; Illinois,1400000US17031823602,823602,5554,559,0.10064818149081743,10-19.9%,5815,2024 5 YR
Census Tract 8236.03; Cook County; Illinois,1400000US17031823603,823603,1792,170,0.09486607142857142,5-9.9%,1792,2024 5 YR
Census Tract 8236.04; Cook County; Illinois,1400000US17031823604,823604,3459,238,0.06880601329864122,5-9.9%,3459,2024 5 YR
Census Tract 8236.05; Cook County; Illinois,1400000US17031823605,823605,4021,172,0.04277542899776175,0-4.9%,4215,2024 5 YR
Census Tract 8237.02; Cook County; Illinois,1400000US17031823702,823702,6137,747,0.12172071044484276,10-19.9%,6137,2024 5 YR
Census Tract 8237.03; Cook County; Illinois,1400000US17031823703,823703,8089,1426,0.1762887872419335,10-19.9%,8277,2024 5 YR
Census Tract 8237.04; Cook County; Illinois,1400000US17031823704,823704,4412,199,0.04510426110607434,0-4.9%,4412,2024 5 YR
Census Tract 8237.05; Cook County; Illinois,1400000US17031823705,823705,4626,320,0.06917423259835712,5-9.9%,4695,2024 5 YR
Census Tract 8238.01; Cook County; Illinois,1400000US17031823801,823801,5412,358,0.06614929785661493,5-9.9%,5422,2024 5 YR
Census Tract 8238.03; Cook County; Illinois,1400000US17031823803,823803,7325,491,0.06703071672354949,5-9.9%,7479,2024 5 YR
Census Tract 8238.05; Cook County; Illinois,1400000US17031823805,823805,2744,252,0.09183673469387756,5-9.9%,2815,2024 5 YR
Census Tract 8238.06; Cook County; Illinois,1400000US17031823806,823806,4041,500,0.12373174956693887,10-19.9%,4041,2024 5 YR
Census Tract 8239.01; Cook County; Illinois,1400000US17031823901,823901,3638,175,0.048103353490929084,0-4.9%,3754,2024 5 YR
Census Tract 8239.03; Cook County; Illinois,1400000US17031823903,823903,4439,122,0.02748366749267853,0-4.9%,4630,2024 5 YR
Census Tract 8239.04; Cook County; Illinois,1400000US17031823904,823904,3890,206,0.05295629820051414,5-9.9%,3890,2024 5 YR
Census Tract 8240.03; Cook County; Illinois,1400000US17031824003,824003,5730,103,0.017975567190226877,0-4.9%,5858,2024 5 YR
Census Tract 8240.04; Cook County; Illinois,1400000US17031824004,824004,4535,484,0.10672546857772877,10-19.9%,4827,2024 5 YR
Census Tract 8240.05; Cook County; Illinois,1400000US17031824005,824005,5679,127,0.022363092093678465,0-4.9%,5679,2024 5 YR
Census Tract 8240.06; Cook County; Illinois,1400000US17031824006,824006,6200,159,0.02564516129032258,0-4.9%,6200,2024 5 YR
Census Tract 8241.05; Cook County; Illinois,1400000US17031824105,824105,6878,297,0.04318115731317244,0-4.9%,6878,2024 5 YR
Census Tract 8241.06; Cook County; Illinois,1400000US17031824106,824106,6489,1009,0.15549391277546618,10-19.9%,6489,2024 5 YR
Census Tract 8241.07; Cook County; Illinois,1400000US17031824107,824107,7681,515,0.0670485613852363,5-9.9%,7681,2024 5 YR
Census Tract 8241.13; Cook County; Illinois,1400000US17031824113,824113,6183,203,0.032831958596150734,0-4.9%,6183,2024 5 YR
Census Tract 8241.14; Cook County; Illinois,1400000US17031824114,824114,5550,369,0.06648648648648649,5-9.9%,5550,2024 5 YR
Census Tract 8241.15; Cook County; Illinois,1400000US17031824115,824115,3712,248,0.0668103448275862,5-9.9%,3897,2024 5 YR
Census Tract 8241.16; Cook County; Illinois,1400000US17031824116,824116,5197,531,0.10217433134500674,10-19.9%,5197,2024 5 YR
Census Tract 8241.19; Cook County; Illinois,1400000US17031824119,824119,5172,126,0.024361948955916472,0-4.9%,5172,2024 5 YR
Census Tract 8241.21; Cook County; Illinois,1400000US17031824121,824121,3135,193,0.06156299840510367,5-9.9%,3146,2024 5 YR
Census Tract 8241.22; Cook County; Illinois,1400000US17031824122,824122,5814,263,0.04523563811489508,0-4.9%,5830,2024 5 YR
Census Tract 8241.23; Cook County; Illinois,1400000US17031824123,824123,7521,117,0.015556441962504986,0-4.9%,7581,2024 5 YR
Census Tract 8241.24; Cook County; Illinois,1400000US17031824124,824124,3023,440,0.14555077737347005,10-19.9%,3064,2024 5 YR
Census Tract 8241.25; Cook County; Illinois,1400000US17031824125,824125,4247,137,0.03225806451612903,0-4.9%,4247,2024 5 YR
Census Tract 8241.26; Cook County; Illinois,1400000US17031824126,824126,5690,414,0.07275922671353251,5-9.9%,5690,2024 5 YR
Census Tract 8241.27; Cook County; Illinois,1400000US17031824127,824127,3883,164,0.04223538501158898,0-4.9%,3893,2024 5 YR
Census Tract 8241.28; Cook County; Illinois,1400000US17031824128,824128,4283,156,0.03642306794303059,0-4.9%,4283,2024 5 YR
Census Tract 8241.29; Cook County; Illinois,1400000US17031824129,824129,3843,89,0.023158990372105125,0-4.9%,4000,2024 5 YR
Census Tract 8243; Cook County; Illinois,1400000US17031824300,824300,4015,1180,0.29389788293897884,20-100%,4123,2024 5 YR
Census Tract 8244; Cook County; Illinois,1400000US17031824400,824400,1623,280,0.1725200246457178,10-19.9%,1912,2024 5 YR
Census Tract 8245.03; Cook County; Illinois,1400000US17031824503,824503,6312,768,0.12167300380228137,10-19.9%,6312,2024 5 YR
Census Tract 8245.05; Cook County; Illinois,1400000US17031824505,824505,6363,349,0.05484834197705485,5-9.9%,6363,2024 5 YR
Census Tract 8245.07; Cook County; Illinois,1400000US17031824507,824507,3720,133,0.03575268817204301,0-4.9%,3720,2024 5 YR
Census Tract 8245.08; Cook County; Illinois,1400000US17031824508,824508,3659,486,0.13282317573107405,10-19.9%,3659,2024 5 YR
Census Tract 8245.09; Cook County; Illinois,1400000US17031824509,824509,4953,286,0.05774278215223097,5-9.9%,5004,2024 5 YR
Census Tract 8246.01; Cook County; Illinois,1400000US17031824601,824601,4049,174,0.04297357372190665,0-4.9%,4049,2024 5 YR
Census Tract 8246.02; Cook County; Illinois,1400000US17031824602,824602,6508,113,0.01736324523663184,0-4.9%,6508,2024 5 YR
Census Tract 8247.01; Cook County; Illinois,1400000US17031824701,824701,3564,572,0.16049382716049382,10-19.9%,3602,2024 5 YR
Census Tract 8247.02; Cook County; Illinois,1400000US17031824702,824702,5197,659,0.1268039253415432,10-19.9%,5315,2024 5 YR
Census Tract 8248; Cook County; Illinois,1400000US17031824800,824800,7268,1479,0.203494771601541,20-100%,7349,2024 5 YR
Census Tract 8249; Cook County; Illinois,1400000US17031824900,824900,2946,448,0.15207060420909707,10-19.9%,3043,2024 5 YR
Census Tract 8250; Cook County; Illinois,1400000US17031825000,825000,4591,400,0.08712698758440426,5-9.9%,4594,2024 5 YR
Census Tract 8252; Cook County; Illinois,1400000US17031825200,825200,1778,165,0.09280089988751405,5-9.9%,1778,2024 5 YR
Census Tract 8253.02; Cook County; Illinois,1400000US17031825302,825302,5337,392,0.073449503466366875,5-9.9%,5337,2024 5 YR
Census Tract 8253.03; Cook County; Illinois,1400000US17031825303,825303,3778,309,0.08178930651138168,5-9.9%,3778,2024 5 YR
Census Tract 8253.04; Cook County; Illinois,1400000US17031825304,825304,3944,292,0.07403651115618662,5-9.9%,3981,2024 5 YR
Census Tract 8254; Cook County; Illinois,1400000US17031825400,825400,5414,495,0.09142962689323975,5-9.9%,5510,2024 5 YR
Census Tract 8255.01; Cook County; Illinois,1400000US17031825501,825501,4859,393,0.08088083967894628,5-9.9%,5040,2024 5 YR
Census Tract 8255.03; Cook County; Illinois,1400000US17031825503,825503,6947,1483,0.2134734417734274,20-100%,6957,2024 5 YR
Census Tract 8255.04; Cook County; Illinois,1400000US17031825504,825504,3760,1446,0.38457446808510637,20-100%,3762,2024 5 YR
Census Tract 8255.05; Cook County; Illinois,1400000US17031825505,825505,5107,440,0.08615625611905228,5-9.9%,5445,2024 5 YR
Census Tract 8256; Cook County; Illinois,1400000US17031825600,825600,5146,1041,0.20229304314030314,20-100%,5146,2024 5 YR
Census Tract 8257; Cook County; Illinois,1400000US17031825700,825700,3632,570,0.15693832599118943,10-19.9%,3937,2024 5 YR
Census Tract 8258.01; Cook County; Illinois,1400000US17031825801,825801,3345,1284,0.38385650224215245,20-100%,3345,2024 5 YR
Census Tract 8258.02; Cook County; Illinois,1400000US17031825802,825802,6181,1472,0.23814916680148843,20-100%,6181,2024 5 YR
Census Tract 8258.03; Cook County; Illinois,1400000US17031825803,825803,5425,773,0.1424884792626728,10-19.9%,5483,2024 5 YR
Census Tract 8259; Cook County; Illinois,1400000US17031825900,825900,3055,1066,0.34893617021276596,20-100%,3055,2024 5 YR
Census Tract 8260; Cook County; Illinois,1400000US17031826000,826000,2597,872,0.3357720446669234,20-100%,2597,2024 5 YR
Census Tract 8261; Cook County; Illinois,1400000US17031826100,826100,5316,736,0.1384499623777276,10-19.9%,5316,2024 5 YR
Census Tract 8262.01; Cook County; Illinois,1400000US17031826201,826201,3625,735,0.20275862068965517,20-100%,3811,2024 5 YR
Census Tract 8262.02; Cook County; Illinois,1400000US17031826202,826202,6202,1438,0.23186069009996776,20-100%,6211,2024 5 YR
Census Tract 8263.01; Cook County; Illinois,1400000US17031826301,826301,4145,532,0.12834740651387214,10-19.9%,4145,2024 5 YR
Census Tract 8263.03; Cook County; Illinois,1400000US17031826303,826303,3427,443,0.12926758097461336,10-19.9%,3452,2024 5 YR
Census Tract 8263.04; Cook County; Illinois,1400000US17031826304,826304,2724,647,0.23751835535976504,20-100%,2727,2024 5 YR
Census Tract 8264.01; Cook County; Illinois,1400000US17031826401,826401,2871,756,0.26332288401253917,20-100%,3065,2024 5 YR
Census Tract 8264.02; Cook County; Illinois,1400000US17031826402,826402,5053,1040,0.20581832574708095,20-100%,5184,2024 5 YR
Census Tract 8265; Cook County; Illinois,1400000US17031826500,826500,5811,1592,0.27396317329203235,20-100%,5811,2024 5 YR
Census Tract 8266; Cook County; Illinois,1400000US17031826600,826600,4798,2127,0.44330971238015837,20-100%,4798,2024 5 YR
Census Tract 8267; Cook County; Illinois,1400000US17031826700,826700,4195,1636,0.3899880810488677,20-100%,4198,2024 5 YR
Census Tract 8268; Cook County; Illinois,1400000US17031826800,826800,4554,1044,0.22924901185770752,20-100%,4554,2024 5 YR
Census Tract 8269.01; Cook County; Illinois,1400000US17031826901,826901,1629,535,0.3284223449969306,20-100%,1629,2024 5 YR
Census Tract 8269.02; Cook County; Illinois,1400000US17031826902,826902,1243,401,0.32260659694288013,20-100%,1244,2024 5 YR
Census Tract 8270; Cook County; Illinois,1400000US17031827000,827000,3162,567,0.1793168880455408,10-19.9%,3162,2024 5 YR
Census Tract 8271; Cook County; Illinois,1400000US17031827100,827100,1982,577,0.29112008072653883,20-100%,1982,2024 5 YR
Census Tract 8272; Cook County; Illinois,1400000US17031827200,827200,3546,468,0.1319796954314721,10-19.9%,3546,2024 5 YR
Census Tract 8273; Cook County; Illinois,1400000US17031827300,827300,2538,920,0.3624901497241923,20-100%,2546,2024 5 YR
Census Tract 8274; Cook County; Illinois,1400000US17031827400,827400,2481,634,0.2555421201128577,20-100%,2716,2024 5 YR
Census Tract 8275; Cook County; Illinois,1400000US17031827500,827500,5130,485,0.09454191033138401,5-9.9%,5130,2024 5 YR
Census Tract 8276; Cook County; Illinois,1400000US17031827600,827600,2746,554,0.20174799708667152,20-100%,2804,2024 5 YR
Census Tract 8277; Cook County; Illinois,1400000US17031827700,827700,2565,725,0.2826510721247563,20-100%,2568,2024 5 YR
Census Tract 8278.01; Cook County; Illinois,1400000US17031827801,827801,4188,803,0.191738299904489,10-19.9%,4429,2024 5 YR
Census Tract 8278.02; Cook County; Illinois,1400000US17031827802,827802,3202,292,0.09119300437226734,5-9.9%,3318,2024 5 YR
Census Tract 8278.04; Cook County; Illinois,1400000US17031827804,827804,2968,388,0.1307277628032345,10-19.9%,2968,2024 5 YR
Census Tract 8278.05; Cook County; Illinois,1400000US17031827805,827805,2531,466,0.18411694982220467,10-19.9%,2531,2024 5 YR
Census Tract 8279.01; Cook County; Illinois,1400000US17031827901,827901,1805,126,0.06980609418282549,5-9.9%,1963,2024 5 YR
Census Tract 8279.02; Cook County; Illinois,1400000US17031827902,827902,4415,754,0.17078142695356738,10-19.9%,4415,2024 5 YR
Census Tract 8280; Cook County; Illinois,1400000US17031828000,828000,5184,515,0.09934413580246913,5-9.9%,5254,2024 5 YR
Census Tract 8281; Cook County; Illinois,1400000US17031828100,828100,4497,385,0.08561263064265065,5-9.9%,4497,2024 5 YR
Census Tract 8282.01; Cook County; Illinois,1400000US17031828201,828201,4116,559,0.1358114674441205,10-19.9%,4116,2024 5 YR
Census Tract 8282.02; Cook County; Illinois,1400000US17031828202,828202,5111,1195,0.2338094306397965,20-100%,5111,2024 5 YR
Census Tract 8283; Cook County; Illinois,1400000US17031828300,828300,3015,355,0.11774461028192372,10-19.9%,3015,2024 5 YR
Census Tract 8284.01; Cook County; Illinois,1400000US17031828401,828401,3394,483,0.1423099587507366,10-19.9%,3426,2024 5 YR
Census Tract 8284.02; Cook County; Illinois,1400000US17031828402,828402,3368,646,0.19180522565320665,10-19.9%,3442,2024 5 YR
Census Tract 8285.03; Cook County; Illinois,1400000US17031828503,828503,4351,804,0.18478510687198346,10-19.9%,4500,2024 5 YR
Census Tract 8285.04; Cook County; Illinois,1400000US17031828504,828504,4826,836,0.1732283464566929,10-19.9%,4848,2024 5 YR
Census Tract 8285.05; Cook County; Illinois,1400000US17031828505,828505,6640,669,0.10075301204819277,10-19.9%,6643,2024 5 YR
Census Tract 8285.07; Cook County; Illinois,1400000US17031828507,828507,4172,221,0.052972195589645256,5-9.9%,4172,2024 5 YR
Census Tract 8285.08; Cook County; Illinois,1400000US17031828508,828508,4418,783,0.17722951561792666,10-19.9%,4443,2024 5 YR
Census Tract 8286.01; Cook County; Illinois,1400000US17031828601,828601,4148,186,0.044840887174541946,0-4.9%,4153,2024 5 YR
Census Tract 8286.02; Cook County; Illinois,1400000US17031828602,828602,4220,447,0.10592417061611374,10-19.9%,4417,2024 5 YR
Census Tract 8287.01; Cook County; Illinois,1400000US17031828701,828701,4231,931,0.22004254313401087,20-100%,4236,2024 5 YR
Census Tract 8287.02; Cook County; Illinois,1400000US17031828702,828702,3757,282,0.07505988820867714,5-9.9%,3893,2024 5 YR
Census Tract 8288.01; Cook County; Illinois,1400000US17031828801,828801,5163,654,0.12667054038349795,10-19.9%,5318,2024 5 YR
Census Tract 8288.02; Cook County; Illinois,1400000US17031828802,828802,3108,284,0.09137709137709138,5-9.9%,3129,2024 5 YR
Census Tract 8289; Cook County; Illinois,1400000US17031828900,828900,3906,1415,0.36226318484383,20-100%,3918,2024 5 YR
Census Tract 8290; Cook County; Illinois,1400000US17031829000,829000,811,466,0.5745992601726264,20-100%,811,2024 5 YR
Census Tract 8291; Cook County; Illinois,1400000US17031829100,829100,3151,942,0.29895271342430974,20-100%,3151,2024 5 YR
Census Tract 8292; Cook County; Illinois,1400000US17031829200,829200,5684,1857,0.32670654468684024,20-100%,5709,2024 5 YR
Census Tract 8293.01; Cook County; Illinois,1400000US17031829301,829301,3885,317,0.08159588159588159,5-9.9%,3932,2024 5 YR
Census Tract 8293.02; Cook County; Illinois,1400000US17031829302,829302,2898,980,0.33816425120772947,20-100%,3110,2024 5 YR
Census Tract 8294.01; Cook County; Illinois,1400000US17031829401,829401,971,115,0.1184346035015448,10-19.9%,983,2024 5 YR
Census Tract 8294.02; Cook County; Illinois,1400000US17031829402,829402,3031,501,0.1652919828439459,10-19.9%,3031,2024 5 YR
Census Tract 8295; Cook County; Illinois,1400000US17031829500,829500,3863,1180,0.3054620761066529,20-100%,3907,2024 5 YR
Census Tract 8296; Cook County; Illinois,1400000US17031829600,829600,2873,432,0.15036547163243996,10-19.9%,2884,2024 5 YR
Census Tract 8297; Cook County; Illinois,1400000US17031829700,829700,2778,440,0.1583873290136789,10-19.9%,2778,2024 5 YR
Census Tract 8298; Cook County; Illinois,1400000US17031829800,829800,6050,191,0.0315702479338843,0-4.9%,6072,2024 5 YR
Census Tract 8299.02; Cook County; Illinois,1400000US17031829902,829902,7535,542,0.07193098871930989,5-9.9%,7535,2024 5 YR
Census Tract 8299.03; Cook County; Illinois,1400000US17031829903,829903,3571,403,0.112853542425091,10-19.9%,3571,2024 5 YR
Census Tract 8299.04; Cook County; Illinois,1400000US17031829904,829904,4539,143,0.03150473672615114,0-4.9%,4539,2024 5 YR
Census Tract 8300.01; Cook County; Illinois,1400000US17031830001,830001,2349,498,0.2120051085568327,20-100%,2349,2024 5 YR
Census Tract 8300.03; Cook County; Illinois,1400000US17031830003,830003,7804,608,0.07790876473603281,5-9.9%,7804,2024 5 YR
Census Tract 8300.04; Cook County; Illinois,1400000US17031830004,830004,6381,650,0.10186491145588465,10-19.9%,6514,2024 5 YR
Census Tract 8300.05; Cook County; Illinois,1400000US17031830005,830005,3524,527,0.14954597048808171,10-19.9%,3542,2024 5 YR
Census Tract 8300.06; Cook County; Illinois,1400000US17031830006,830006,2399,407,0.16965402250937892,10-19.9%,2399,2024 5 YR
Census Tract 8300.07; Cook County; Illinois,1400000US17031830007,830007,4726,453,0.09585272958104105,5-9.9%,4872,2024 5 YR
Census Tract 8300.08; Cook County; Illinois,1400000US17031830008,830008,4370,224,0.05125858123569794,5-9.9%,4370,2024 5 YR
Census Tract 8301; Cook County; Illinois,1400000US17031830100,830100,2812,268,0.0953058321479374,5-9.9%,2812,2024 5 YR
Census Tract 8302.01; Cook County; Illinois,1400000US17031830201,830201,5266,564,0.10710216483099126,10-19.9%,5266,2024 5 YR
Census Tract 8302.02; Cook County; Illinois,1400000US17031830202,830202,3377,908,0.2688777021024578,20-100%,3462,2024 5 YR
Census Tract 8303; Cook County; Illinois,1400000US17031830300,830300,5230,1000,0.19120458891013384,10-19.9%,5238,2024 5 YR
Census Tract 8304; Cook County; Illinois,1400000US17031830400,830400,3996,452,0.11311311311311312,10-19.9%,4003,2024 5 YR
